STATION,NAME,DATE,DY,PRCP,TMAX,TMIN
USC00036920,"STUTTGART 9 ESE, AR US",1950-01,1,11.22,58.8,40.2
USC00036920,"STUTTGART 9 ESE, AR US",1950-02,1,5.15,55.7,36.8
USC00036920,"STUTTGART 9 ESE, AR US",1950-03,1,6.86,60.7,37.7
USC00036920,"STUTTGART 9 ESE, AR US",1950-04,1,2.17,68.8,46.7
USC00036920,"STUTTGART 9 ESE, AR US",1950-05,1,4.74,80.2,61.7
USC00036920,"STUTTGART 9 ESE, AR US",1950-06,1,2.82,86.8,67.5
USC00036920,"STUTTGART 9 ESE, AR US",1950-07,1,4.87,88.1,69.3
USC00036920,"STUTTGART 9 ESE, AR US",1950-08,1,8.7,86.6,67.2
USC00036920,"STUTTGART 9 ESE, AR US",1950-09,1,5.41,78,61.4
USC00036920,"STUTTGART 9 ESE, AR US",1950-10,1,1.21,78.2,53.9
USC00036920,"STUTTGART 9 ESE, AR US",1950-11,1,3.86,59.3,34
USC00036920,"STUTTGART 9 ESE, AR US",1950-12,1,2.19,49,28.2
USC00036920,"STUTTGART 9 ESE, AR US",1951-01,1,9.83,53.4,31.8
USC00036920,"STUTTGART 9 ESE, AR US",1951-02,1,3.42,51.7,34
USC00036920,"STUTTGART 9 ESE, AR US",1951-03,1,3.18,61.6,41.6
USC00036920,"STUTTGART 9 ESE, AR US",1951-04,1,2.99,68.3,47.2
USC00036920,"STUTTGART 9 ESE, AR US",1951-05,1,1.73,82.6,57.9
USC00036920,"STUTTGART 9 ESE, AR US",1951-06,1,4.8,86.8,68.7
USC00036920,"STUTTGART 9 ESE, AR US",1951-07,1,6.96,90.8,72.3
USC00036920,"STUTTGART 9 ESE, AR US",1951-08,1,3.09,93.3,71
USC00036920,"STUTTGART 9 ESE, AR US",1951-09,1,3.9,84.9,61.9
USC00036920,"STUTTGART 9 ESE, AR US",1951-10,1,2.61,76.4,51.6
USC00036920,"STUTTGART 9 ESE, AR US",1951-11,1,2.37,57.5,34.6
USC00036920,"STUTTGART 9 ESE, AR US",1951-12,1,4.65,57,34.6
USC00036920,"STUTTGART 9 ESE, AR US",1952-01,1,5.2,57.7,38.7
USC00036920,"STUTTGART 9 ESE, AR US",1952-02,1,3.22,59.9,38.3
USC00036920,"STUTTGART 9 ESE, AR US",1952-03,1,4.94,62.4,38.9
USC00036920,"STUTTGART 9 ESE, AR US",1952-04,1,1.87,70.6,47.9
USC00036920,"STUTTGART 9 ESE, AR US",1952-05,1,3.85,82.3,58.7
USC00036920,"STUTTGART 9 ESE, AR US",1952-06,1,0.06,95.7,71.4
USC00036920,"STUTTGART 9 ESE, AR US",1952-07,1,2.46,97.2,70.4
USC00036920,"STUTTGART 9 ESE, AR US",1952-08,1,3.47,93,70.2
USC00036920,"STUTTGART 9 ESE, AR US",1952-09,1,2.88,86.8,58.4
USC00036920,"STUTTGART 9 ESE, AR US",1952-10,1,0.49,73.2,38.6
USC00036920,"STUTTGART 9 ESE, AR US",1952-11,1,6.31,64.4,37.7
USC00036920,"STUTTGART 9 ESE, AR US",1952-12,1,3.74,53.5,33.2
USC00036920,"STUTTGART 9 ESE, AR US",1953-01,1,3.48,57.3,35.2
USC00036920,"STUTTGART 9 ESE, AR US",1953-02,1,5.24,57.9,35.8
USC00036920,"STUTTGART 9 ESE, AR US",1953-03,1,7.33,67,45.2
USC00036920,"STUTTGART 9 ESE, AR US",1953-04,1,8.16,68.1,47
USC00036920,"STUTTGART 9 ESE, AR US",1953-05,1,13.85,81.1,61.4
USC00036920,"STUTTGART 9 ESE, AR US",1953-06,1,0.75,95.9,72.2
USC00036920,"STUTTGART 9 ESE, AR US",1953-07,1,3.84,91.1,71
USC00036920,"STUTTGART 9 ESE, AR US",1953-08,1,1.23,92.2,67.5
USC00036920,"STUTTGART 9 ESE, AR US",1953-09,1,1.24,90.7,56.8
USC00036920,"STUTTGART 9 ESE, AR US",1953-10,1,1.02,80.6,47
USC00036920,"STUTTGART 9 ESE, AR US",1953-11,1,2.56,64.7,36
USC00036920,"STUTTGART 9 ESE, AR US",1953-12,1,4.87,50.8,29.3
USC00036920,"STUTTGART 9 ESE, AR US",1954-01,1,7.25,51.3,29.7
USC00036920,"STUTTGART 9 ESE, AR US",1954-02,1,2.78,62.5,35.9
USC00036920,"STUTTGART 9 ESE, AR US",1954-03,1,1.37,64,36.4
USC00036920,"STUTTGART 9 ESE, AR US",1954-04,1,3.91,77.5,49.4
USC00036920,"STUTTGART 9 ESE, AR US",1954-05,1,3,77.2,53.8
USC00036920,"STUTTGART 9 ESE, AR US",1954-06,1,1.2,93.3,66.8
USC00036920,"STUTTGART 9 ESE, AR US",1954-07,1,1.54,97.5,70.2
USC00036920,"STUTTGART 9 ESE, AR US",1954-08,1,1.25,98.7,69.9
USC00036920,"STUTTGART 9 ESE, AR US",1954-09,1,0.61,92.9,59.8
USC00036920,"STUTTGART 9 ESE, AR US",1954-10,1,2.67,79.2,51.5
USC00036920,"STUTTGART 9 ESE, AR US",1954-11,1,1.07,64.3,36.1
USC00036920,"STUTTGART 9 ESE, AR US",1954-12,1,5.19,55,29.9
USC00036920,"STUTTGART 9 ESE, AR US",1955-01,1,2.02,50.9,31.9
USC00036920,"STUTTGART 9 ESE, AR US",1955-02,1,6.5,53.2,33.4
USC00036920,"STUTTGART 9 ESE, AR US",1955-03,1,7.47,63.8,43
USC00036920,"STUTTGART 9 ESE, AR US",1955-04,1,5.15,75.9,54.6
USC00036920,"STUTTGART 9 ESE, AR US",1955-05,1,3.68,83.1,61.8
USC00036920,"STUTTGART 9 ESE, AR US",1955-06,1,2.39,84.5,63.3
USC00036920,"STUTTGART 9 ESE, AR US",1955-07,1,3.42,91.5,72.1
USC00036920,"STUTTGART 9 ESE, AR US",1955-08,1,0.84,91.3,68.6
USC00036920,"STUTTGART 9 ESE, AR US",1955-09,1,2.16,89.9,62
USC00036920,"STUTTGART 9 ESE, AR US",1955-10,1,3.5,75.5,46.8
USC00036920,"STUTTGART 9 ESE, AR US",1955-11,1,3.6,61.6,35.7
USC00036920,"STUTTGART 9 ESE, AR US",1955-12,1,2.05,51.9,31.6
USC00036920,"STUTTGART 9 ESE, AR US",1956-01,1,3.76,48.3,28.4
USC00036920,"STUTTGART 9 ESE, AR US",1956-02,1,9.8,55,37.8
USC00036920,"STUTTGART 9 ESE, AR US",1956-03,1,3.06,61.8,40.2
USC00036920,"STUTTGART 9 ESE, AR US",1956-04,1,5.92,70.3,47.2
USC00036920,"STUTTGART 9 ESE, AR US",1956-05,1,1.11,82.7,62.5
USC00036920,"STUTTGART 9 ESE, AR US",1956-06,1,3.09,87,66.4
USC00036920,"STUTTGART 9 ESE, AR US",1956-07,1,3.63,92.5,69.3
USC00036920,"STUTTGART 9 ESE, AR US",1956-08,1,4.26,93.5,67.9
USC00036920,"STUTTGART 9 ESE, AR US",1956-09,1,2.69,85.6,55.1
USC00036920,"STUTTGART 9 ESE, AR US",1956-10,1,4.24,78.2,50.7
USC00036920,"STUTTGART 9 ESE, AR US",1956-11,1,3.33,61.2,36.1
USC00036920,"STUTTGART 9 ESE, AR US",1956-12,1,3.64,58.5,36.2
USC00036920,"STUTTGART 9 ESE, AR US",1957-01,1,6.86,47.3,28.8
USC00036920,"STUTTGART 9 ESE, AR US",1957-02,1,9.63,57.1,39.7
USC00036920,"STUTTGART 9 ESE, AR US",1957-03,1,4.26,58.7,37.8
USC00036920,"STUTTGART 9 ESE, AR US",1957-04,1,11.04,71.3,52.9
USC00036920,"STUTTGART 9 ESE, AR US",1957-05,1,5.83,80.3,61.8
USC00036920,"STUTTGART 9 ESE, AR US",1957-06,1,6.9,86.7,69.6
USC00036920,"STUTTGART 9 ESE, AR US",1957-07,1,4.47,90.4,71.4
USC00036920,"STUTTGART 9 ESE, AR US",1957-08,1,3.51,88.4,69
USC00036920,"STUTTGART 9 ESE, AR US",1957-09,1,4.27,80.5,62.6
USC00036920,"STUTTGART 9 ESE, AR US",1957-10,1,5.1,69.2,49
USC00036920,"STUTTGART 9 ESE, AR US",1957-11,1,7.98,60.8,43
USC00036920,"STUTTGART 9 ESE, AR US",1957-12,1,4.08,57,38.3
USC00036920,"STUTTGART 9 ESE, AR US",1958-01,1,3.93,47.6,29.5
USC00036920,"STUTTGART 9 ESE, AR US",1958-02,1,1.69,45.5,28.5
USC00036920,"STUTTGART 9 ESE, AR US",1958-03,1,5.02,53,38.3
USC00036920,"STUTTGART 9 ESE, AR US",1958-04,1,8.6,70.1,50.5
USC00036920,"STUTTGART 9 ESE, AR US",1958-05,1,7.45,79,61.1
USC00036920,"STUTTGART 9 ESE, AR US",1958-06,1,9,86.9,65
USC00036920,"STUTTGART 9 ESE, AR US",1958-07,1,2.92,89.5,72.5
USC00036920,"STUTTGART 9 ESE, AR US",1958-08,1,3.64,88.8,70.3
USC00036920,"STUTTGART 9 ESE, AR US",1958-09,1,5.15,83.9,64.1
USC00036920,"STUTTGART 9 ESE, AR US",1958-10,1,1.49,73.7,47.9
USC00036920,"STUTTGART 9 ESE, AR US",1958-11,1,5.69,65,40.4
USC00036920,"STUTTGART 9 ESE, AR US",1958-12,1,0.96,46.6,28
USC00036920,"STUTTGART 9 ESE, AR US",1959-01,1,3.64,46.8,28.2
USC00036920,"STUTTGART 9 ESE, AR US",1959-02,1,4.27,52,34.1
USC00036920,"STUTTGART 9 ESE, AR US",1959-03,1,5.28,61.8,37.9
USC00036920,"STUTTGART 9 ESE, AR US",1959-04,1,4.64,71.4,49.1
USC00036920,"STUTTGART 9 ESE, AR US",1959-05,1,3.54,83.8,62
USC00036920,"STUTTGART 9 ESE, AR US",1959-06,1,2,86,66.7
USC00036920,"STUTTGART 9 ESE, AR US",1959-07,1,4.94,89.8,68.9
USC00036920,"STUTTGART 9 ESE, AR US",1959-08,1,1.46,90.4,69.5
USC00036920,"STUTTGART 9 ESE, AR US",1959-09,1,11.84,84.9,61.9
USC00036920,"STUTTGART 9 ESE, AR US",1959-10,1,2.72,74.5,48.6
USC00036920,"STUTTGART 9 ESE, AR US",1959-11,1,3.3,58.4,35.7
USC00036920,"STUTTGART 9 ESE, AR US",1959-12,1,4.87,54.8,35.6
USC00036920,"STUTTGART 9 ESE, AR US",1960-01,1,4.54,48,33.4
USC00036920,"STUTTGART 9 ESE, AR US",1960-02,1,3.11,48,32.5
USC00036920,"STUTTGART 9 ESE, AR US",1960-03,1,4.8,48.2,31.2
USC00036920,"STUTTGART 9 ESE, AR US",1960-04,1,2.57,74.5,51.5
USC00036920,"STUTTGART 9 ESE, AR US",1960-05,1,4.53,78.9,56.9
USC00036920,"STUTTGART 9 ESE, AR US",1960-06,1,7.76,87.6,67.6
USC00036920,"STUTTGART 9 ESE, AR US",1960-07,1,1.57,91.5,70.7
USC00036920,"STUTTGART 9 ESE, AR US",1960-08,1,1.17,92.1,70.8
USC00036920,"STUTTGART 9 ESE, AR US",1960-09,1,5.47,86.9,64
USC00036920,"STUTTGART 9 ESE, AR US",1960-10,1,4.73,75.8,54.7
USC00036920,"STUTTGART 9 ESE, AR US",1960-11,1,4.33,64.4,40.2
USC00036920,"STUTTGART 9 ESE, AR US",1960-12,1,4.98,48.5,29.6
USC00036920,"STUTTGART 9 ESE, AR US",1961-01,1,1.36,47,25.6
USC00036920,"STUTTGART 9 ESE, AR US",1961-02,1,5.35,56.7,37.3
USC00036920,"STUTTGART 9 ESE, AR US",1961-03,1,8.75,64.3,44.6
USC00036920,"STUTTGART 9 ESE, AR US",1961-04,1,2.96,69.4,48
USC00036920,"STUTTGART 9 ESE, AR US",1961-05,1,6.89,77.8,57.6
USC00036920,"STUTTGART 9 ESE, AR US",1961-06,1,2.43,85.1,65.1
USC00036920,"STUTTGART 9 ESE, AR US",1961-07,1,3.3,89.5,68.6
USC00036920,"STUTTGART 9 ESE, AR US",1961-08,1,2.92,87.7,66.8
USC00036920,"STUTTGART 9 ESE, AR US",1961-09,1,3.61,83.9,61.8
USC00036920,"STUTTGART 9 ESE, AR US",1961-10,1,0.6,75.8,46.4
USC00036920,"STUTTGART 9 ESE, AR US",1961-11,1,9.42,60.1,41.3
USC00036920,"STUTTGART 9 ESE, AR US",1961-12,1,9.78,48.4,32.7
USC00036920,"STUTTGART 9 ESE, AR US",1962-01,1,5.07,45.7,25.4
USC00036920,"STUTTGART 9 ESE, AR US",1962-02,1,5.3,60.2,38.8
USC00036920,"STUTTGART 9 ESE, AR US",1962-03,1,3.58,57.1,38.1
USC00036920,"STUTTGART 9 ESE, AR US",1962-04,1,2,69.3,48.1
USC00036920,"STUTTGART 9 ESE, AR US",1962-05,1,2.96,86.8,64.5
USC00036920,"STUTTGART 9 ESE, AR US",1962-06,1,7.57,86.2,67.5
USC00036920,"STUTTGART 9 ESE, AR US",1962-07,1,3.73,90.6,71.4
USC00036920,"STUTTGART 9 ESE, AR US",1962-08,1,0.93,91.3,68.2
USC00036920,"STUTTGART 9 ESE, AR US",1962-09,1,4.22,82.8,62.1
USC00036920,"STUTTGART 9 ESE, AR US",1962-10,1,4.54,76.7,53.9
USC00036920,"STUTTGART 9 ESE, AR US",1962-11,1,1.84,60.7,38.1
USC00036920,"STUTTGART 9 ESE, AR US",1962-12,1,1.59,50.9,29.9
USC00036920,"STUTTGART 9 ESE, AR US",1963-01,1,0.75,44.1,22
USC00036920,"STUTTGART 9 ESE, AR US",1963-02,1,3.01,48.6,25.8
USC00036920,"STUTTGART 9 ESE, AR US",1963-03,1,4.2,69.3,43.4
USC00036920,"STUTTGART 9 ESE, AR US",1963-04,1,6.42,74.7,53.2
USC00036920,"STUTTGART 9 ESE, AR US",1963-05,1,2.98,81.2,60
USC00036920,"STUTTGART 9 ESE, AR US",1963-06,1,1.92,89.8,67.7
USC00036920,"STUTTGART 9 ESE, AR US",1963-07,1,4.26,89.1,69.1
USC00036920,"STUTTGART 9 ESE, AR US",1963-08,1,1.81,90.5,68.3
USC00036920,"STUTTGART 9 ESE, AR US",1963-09,1,3.53,84.5,60.8
USC00036920,"STUTTGART 9 ESE, AR US",1963-10,1,0,85.3,49.8
USC00036920,"STUTTGART 9 ESE, AR US",1963-11,1,3.69,65.8,38.4
USC00036920,"STUTTGART 9 ESE, AR US",1963-12,1,3.68,42.5,21.7
USC00036920,"STUTTGART 9 ESE, AR US",1964-01,1,1.97,51.6,28.4
USC00036920,"STUTTGART 9 ESE, AR US",1964-02,1,3.5,51.6,31.8
USC00036920,"STUTTGART 9 ESE, AR US",1964-03,1,8.81,63.8,41.6
USC00036920,"STUTTGART 9 ESE, AR US",1964-04,1,15.38,73.3,55.3
USC00036920,"STUTTGART 9 ESE, AR US",1964-05,1,0.54,83.3,62.8
USC00036920,"STUTTGART 9 ESE, AR US",1964-06,1,1.07,90,69.2
USC00036920,"STUTTGART 9 ESE, AR US",1964-07,1,3.94,92.3,71.4
USC00036920,"STUTTGART 9 ESE, AR US",1964-08,1,3.5,88.7,69.7
USC00036920,"STUTTGART 9 ESE, AR US",1964-09,1,3.73,85.2,61.6
USC00036920,"STUTTGART 9 ESE, AR US",1964-10,1,2.15,72.5,45.3
USC00036920,"STUTTGART 9 ESE, AR US",1964-11,1,3.27,66.8,43.7
USC00036920,"STUTTGART 9 ESE, AR US",1964-12,1,6.06,52,34.1
USC00036920,"STUTTGART 9 ESE, AR US",1965-01,1,3.85,52.9,33.2
USC00036920,"STUTTGART 9 ESE, AR US",1965-02,1,6.5,52.5,31.5
USC00036920,"STUTTGART 9 ESE, AR US",1965-03,1,5.43,52.2,35.2
USC00036920,"STUTTGART 9 ESE, AR US",1965-04,1,1.76,77.5,55
USC00036920,"STUTTGART 9 ESE, AR US",1965-05,1,1.94,83.1,64.3
USC00036920,"STUTTGART 9 ESE, AR US",1965-06,1,3.16,87.4,68.6
USC00036920,"STUTTGART 9 ESE, AR US",1965-07,1,1.66,92.5,71.5
USC00036920,"STUTTGART 9 ESE, AR US",1965-08,1,1.41,90,68.6
USC00036920,"STUTTGART 9 ESE, AR US",1965-09,1,8.72,84.1,64.8
USC00036920,"STUTTGART 9 ESE, AR US",1965-10,1,0.71,74.4,48.3
USC00036920,"STUTTGART 9 ESE, AR US",1965-11,1,1.45,68.6,45.5
USC00036920,"STUTTGART 9 ESE, AR US",1965-12,1,1.65,56.8,34.9
USC00036920,"STUTTGART 9 ESE, AR US",1966-01,1,2.24,44.2,27.6
USC00036920,"STUTTGART 9 ESE, AR US",1966-02,1,7.19,50.2,34.1
USC00036920,"STUTTGART 9 ESE, AR US",1966-03,1,0.57,64.4,41
USC00036920,"STUTTGART 9 ESE, AR US",1966-04,1,6.37,72.4,50.2
USC00036920,"STUTTGART 9 ESE, AR US",1966-05,1,3,78.1,59
USC00036920,"STUTTGART 9 ESE, AR US",1966-06,1,0.06,88.9,66.6
USC00036920,"STUTTGART 9 ESE, AR US",1966-07,1,5.2,92.3,73.7
USC00036920,"STUTTGART 9 ESE, AR US",1966-08,1,5.5,85,67.9
USC00036920,"STUTTGART 9 ESE, AR US",1966-09,1,2.59,81.1,60.9
USC00036920,"STUTTGART 9 ESE, AR US",1966-10,1,4.43,70.8,46
USC00036920,"STUTTGART 9 ESE, AR US",1966-11,1,2.07,64.8,43.7
USC00036920,"STUTTGART 9 ESE, AR US",1966-12,1,4.79,50.5,34.1
USC00036920,"STUTTGART 9 ESE, AR US",1967-01,1,1.87,50.8,32.3
USC00036920,"STUTTGART 9 ESE, AR US",1967-02,1,2.28,50.4,29.9
USC00036920,"STUTTGART 9 ESE, AR US",1967-03,1,2.88,67.9,46.2
USC00036920,"STUTTGART 9 ESE, AR US",1967-04,1,6.62,77.4,56.2
USC00036920,"STUTTGART 9 ESE, AR US",1967-05,1,7.09,78.4,58.5
USC00036920,"STUTTGART 9 ESE, AR US",1967-06,1,2.53,87.2,69.8
USC00036920,"STUTTGART 9 ESE, AR US",1967-07,1,4.11,86.2,68.3
USC00036920,"STUTTGART 9 ESE, AR US",1967-08,1,1.57,85.8,65.5
USC00036920,"STUTTGART 9 ESE, AR US",1967-09,1,4.13,78.6,59.6
USC00036920,"STUTTGART 9 ESE, AR US",1967-10,1,2.33,75.4,48.1
USC00036920,"STUTTGART 9 ESE, AR US",1967-11,1,1.8,61.6,37
USC00036920,"STUTTGART 9 ESE, AR US",1967-12,1,7.44,54.1,34.9
USC00036920,"STUTTGART 9 ESE, AR US",1968-01,1,5.2,45,30.2
USC00036920,"STUTTGART 9 ESE, AR US",1968-02,1,1.44,47.7,29
USC00036920,"STUTTGART 9 ESE, AR US",1968-03,1,6.4,59,40.8
USC00036920,"STUTTGART 9 ESE, AR US",1968-04,1,3.82,71.4,52.9
USC00036920,"STUTTGART 9 ESE, AR US",1968-05,1,9.02,77.9,59.5
USC00036920,"STUTTGART 9 ESE, AR US",1968-06,1,1.24,89.3,69
USC00036920,"STUTTGART 9 ESE, AR US",1968-07,1,3.79,89,70.3
USC00036920,"STUTTGART 9 ESE, AR US",1968-08,1,2.01,89.8,70
USC00036920,"STUTTGART 9 ESE, AR US",1968-09,1,5.84,81.3,57.7
USC00036920,"STUTTGART 9 ESE, AR US",1968-10,1,2.81,74.2,48.3
USC00036920,"STUTTGART 9 ESE, AR US",1968-11,1,3.64,60.6,40.6
USC00036920,"STUTTGART 9 ESE, AR US",1968-12,1,4.9,50.4,31.7
USC00036920,"STUTTGART 9 ESE, AR US",1969-01,1,3.31,49.7,32.7
USC00036920,"STUTTGART 9 ESE, AR US",1969-02,1,4.54,51.2,34.8
USC00036920,"STUTTGART 9 ESE, AR US",1969-03,1,3.48,55.4,36.6
USC00036920,"STUTTGART 9 ESE, AR US",1969-04,1,2.8,72.2,53
USC00036920,"STUTTGART 9 ESE, AR US",1969-05,1,2.29,82,61.6
USC00036920,"STUTTGART 9 ESE, AR US",1969-06,1,3.59,88.1,67.1
USC00036920,"STUTTGART 9 ESE, AR US",1969-07,1,2.02,94.2,73.6
USC00036920,"STUTTGART 9 ESE, AR US",1969-08,1,3.96,89.1,67.2
USC00036920,"STUTTGART 9 ESE, AR US",1969-09,1,0.78,83.1,61.1
USC00036920,"STUTTGART 9 ESE, AR US",1969-10,1,1.68,74.8,49.4
USC00036920,"STUTTGART 9 ESE, AR US",1969-11,1,4.18,61.6,38.4
USC00036920,"STUTTGART 9 ESE, AR US",1969-12,1,7.18,50.6,32.5
USC00036920,"STUTTGART 9 ESE, AR US",1970-01,1,1.01,43.6,25.5
USC00036920,"STUTTGART 9 ESE, AR US",1970-02,1,4.01,52.4,32.4
USC00036920,"STUTTGART 9 ESE, AR US",1970-03,1,6.39,56.4,40.9
USC00036920,"STUTTGART 9 ESE, AR US",1970-04,1,6.28,73.9,55
USC00036920,"STUTTGART 9 ESE, AR US",1970-05,1,2.57,83.3,62.6
USC00036920,"STUTTGART 9 ESE, AR US",1970-06,1,2.21,88.1,68.4
USC00036920,"STUTTGART 9 ESE, AR US",1970-07,1,4.2,88.5,69.4
USC00036920,"STUTTGART 9 ESE, AR US",1970-08,1,10.04,89.5,70.4
USC00036920,"STUTTGART 9 ESE, AR US",1970-09,1,2.8,86.9,66.6
USC00036920,"STUTTGART 9 ESE, AR US",1970-10,1,5.29,71.7,49.5
USC00036920,"STUTTGART 9 ESE, AR US",1970-11,1,2.2,60,38.5
USC00036920,"STUTTGART 9 ESE, AR US",1970-12,1,4.35,57.5,37
USC00036920,"STUTTGART 9 ESE, AR US",1971-01,1,2.6,49.6,30.3
USC00036920,"STUTTGART 9 ESE, AR US",1971-02,1,4.02,52.6,32
USC00036920,"STUTTGART 9 ESE, AR US",1971-03,1,4.95,58.5,37.8
USC00036920,"STUTTGART 9 ESE, AR US",1971-04,1,1.84,72.9,49.2
USC00036920,"STUTTGART 9 ESE, AR US",1971-06,1,6.1,90.3,69.8
USC00036920,"STUTTGART 9 ESE, AR US",1971-07,1,4.65,88.9,70
USC00036920,"STUTTGART 9 ESE, AR US",1971-08,1,4.18,86.7,67.5
USC00036920,"STUTTGART 9 ESE, AR US",1971-09,1,1.59,85.5,64.7
USC00036920,"STUTTGART 9 ESE, AR US",1971-10,1,0.47,81.7,55.2
USC00036920,"STUTTGART 9 ESE, AR US",1971-11,1,2.42,63.4,39.6
USC00036920,"STUTTGART 9 ESE, AR US",1971-12,1,5.77,58.3,40.4
USC00036920,"STUTTGART 9 ESE, AR US",1972-01,1,2.89,51.7,32.5
USC00036920,"STUTTGART 9 ESE, AR US",1972-02,1,0.82,55,32.4
USC00036920,"STUTTGART 9 ESE, AR US",1972-03,1,3.33,63.8,41.6
USC00036920,"STUTTGART 9 ESE, AR US",1972-04,1,1.69,74.1,51.5
USC00036920,"STUTTGART 9 ESE, AR US",1972-05,1,1.66,81.6,59.4
USC00036920,"STUTTGART 9 ESE, AR US",1972-06,1,2.7,89.1,66.4
USC00036920,"STUTTGART 9 ESE, AR US",1972-07,1,3.6,89.4,67.8
USC00036920,"STUTTGART 9 ESE, AR US",1972-08,1,3.67,90.8,68.9
USC00036920,"STUTTGART 9 ESE, AR US",1972-09,1,4.55,86.2,67.3
USC00036920,"STUTTGART 9 ESE, AR US",1972-10,1,5.74,72.7,50.6
USC00036920,"STUTTGART 9 ESE, AR US",1972-11,1,9.39,55.5,40
USC00036920,"STUTTGART 9 ESE, AR US",1972-12,1,9.06,47.6,32
USC00036920,"STUTTGART 9 ESE, AR US",1973-01,1,5.48,47.6,31.9
USC00036920,"STUTTGART 9 ESE, AR US",1973-02,1,4.15,51,32.8
USC00036920,"STUTTGART 9 ESE, AR US",1973-03,1,7.16,65.1,48.3
USC00036920,"STUTTGART 9 ESE, AR US",1973-04,1,13.34,67.4,50.3
USC00036920,"STUTTGART 9 ESE, AR US",1973-05,1,4.57,78.2,58.3
USC00036920,"STUTTGART 9 ESE, AR US",1973-06,1,1.65,88.5,68.4
USC00036920,"STUTTGART 9 ESE, AR US",1973-07,1,3.39,90.8,72.4
USC00036920,"STUTTGART 9 ESE, AR US",1973-08,1,0.69,89.1,68.5
USC00036920,"STUTTGART 9 ESE, AR US",1973-09,1,3.78,83.8,65.2
USC00036920,"STUTTGART 9 ESE, AR US",1973-10,1,4,78.4,55.1
USC00036920,"STUTTGART 9 ESE, AR US",1973-11,1,8.22,65.5,46.8
USC00036920,"STUTTGART 9 ESE, AR US",1973-12,1,4.51,51.7,34.2
USC00036920,"STUTTGART 9 ESE, AR US",1974-01,1,7.01,48.8,36
USC00036920,"STUTTGART 9 ESE, AR US",1974-02,1,2.65,55.7,35
USC00036920,"STUTTGART 9 ESE, AR US",1974-03,1,2.51,68.7,47.9
USC00036920,"STUTTGART 9 ESE, AR US",1974-05,1,4.67,81.2,64.1
USC00036920,"STUTTGART 9 ESE, AR US",1974-06,1,7.54,82.5,64.8
USC00036920,"STUTTGART 9 ESE, AR US",1974-07,1,5.69,91.9,72.1
USC00036920,"STUTTGART 9 ESE, AR US",1974-08,1,5.19,87,69
USC00036920,"STUTTGART 9 ESE, AR US",1974-09,1,3.91,75.3,58.6
USC00036920,"STUTTGART 9 ESE, AR US",1974-10,1,2.52,74,49
USC00036920,"STUTTGART 9 ESE, AR US",1974-11,1,5.33,62,43.8
USC00036920,"STUTTGART 9 ESE, AR US",1974-12,1,4.88,51.6,34.9
USC00036920,"STUTTGART 9 ESE, AR US",1975-01,1,2.86,54,35.3
USC00036920,"STUTTGART 9 ESE, AR US",1975-02,1,3.89,53.2,34.5
USC00036920,"STUTTGART 9 ESE, AR US",1975-03,1,9.54,58.2,39
USC00036920,"STUTTGART 9 ESE, AR US",1975-04,1,3.08,70,50.4
USC00036920,"STUTTGART 9 ESE, AR US",1975-05,1,4.85,80.7,63.5
USC00036920,"STUTTGART 9 ESE, AR US",1975-06,1,5.03,86.6,68.7
USC00036920,"STUTTGART 9 ESE, AR US",1975-07,1,1.66,90,71.4
USC00036920,"STUTTGART 9 ESE, AR US",1975-08,1,3.94,87.9,70.8
USC00036920,"STUTTGART 9 ESE, AR US",1975-09,1,1.12,80.9,59.2
USC00036920,"STUTTGART 9 ESE, AR US",1975-10,1,1.22,76.6,50.8
USC00036920,"STUTTGART 9 ESE, AR US",1975-11,1,2.88,63.6,42.7
USC00036920,"STUTTGART 9 ESE, AR US",1975-12,1,2.93,52.7,35.6
USC00036920,"STUTTGART 9 ESE, AR US",1976-01,1,2.37,50.3,29.9
USC00036920,"STUTTGART 9 ESE, AR US",1976-02,1,2.52,63.3,42.2
USC00036920,"STUTTGART 9 ESE, AR US",1976-03,1,6.17,66.1,47.3
USC00036920,"STUTTGART 9 ESE, AR US",1976-04,1,2.52,73,52.9
USC00036920,"STUTTGART 9 ESE, AR US",1976-05,1,5.15,73.2,55.5
USC00036920,"STUTTGART 9 ESE, AR US",1976-06,1,6.01,83.4,66.4
USC00036920,"STUTTGART 9 ESE, AR US",1976-07,1,1.66,89.8,70.9
USC00036920,"STUTTGART 9 ESE, AR US",1976-08,1,1.18,90,66.7
USC00036920,"STUTTGART 9 ESE, AR US",1976-09,1,2.68,81.6,60.7
USC00036920,"STUTTGART 9 ESE, AR US",1976-10,1,4.96,68.3,44.5
USC00036920,"STUTTGART 9 ESE, AR US",1976-11,1,1.46,54.3,33.7
USC00036920,"STUTTGART 9 ESE, AR US",1976-12,1,2.06,50.9,29.2
USC00036920,"STUTTGART 9 ESE, AR US",1977-01,1,3.23,37,20.7
USC00036920,"STUTTGART 9 ESE, AR US",1977-02,1,1.93,55.3,33.1
USC00036920,"STUTTGART 9 ESE, AR US",1977-03,1,5.6,67.3,45.9
USC00036920,"STUTTGART 9 ESE, AR US",1977-04,1,4.57,75.1,54.5
USC00036920,"STUTTGART 9 ESE, AR US",1977-05,1,0.66,85.7,64
USC00036920,"STUTTGART 9 ESE, AR US",1977-06,1,2.31,91.8,70.8
USC00036920,"STUTTGART 9 ESE, AR US",1977-07,1,5.06,92.4,73.3
USC00036920,"STUTTGART 9 ESE, AR US",1977-08,1,1.07,90.3,70.7
USC00036920,"STUTTGART 9 ESE, AR US",1977-09,1,6.42,86.6,67.1
USC00036920,"STUTTGART 9 ESE, AR US",1977-10,1,1.89,73.4,49.9
USC00036920,"STUTTGART 9 ESE, AR US",1977-11,1,8.36,61.6,44
USC00036920,"STUTTGART 9 ESE, AR US",1977-12,1,2.11,51.2,32.3
USC00036920,"STUTTGART 9 ESE, AR US",1978-01,1,6.07,38,23.2
USC00036920,"STUTTGART 9 ESE, AR US",1978-02,1,1.27,41,24.2
USC00036920,"STUTTGART 9 ESE, AR US",1978-03,1,2.36,58.1,38.9
USC00036920,"STUTTGART 9 ESE, AR US",1978-04,1,2.58,76.2,53.3
USC00036920,"STUTTGART 9 ESE, AR US",1978-05,1,8.43,79,60.7
USC00036920,"STUTTGART 9 ESE, AR US",1978-06,1,5.92,87.3,68.7
USC00036920,"STUTTGART 9 ESE, AR US",1978-07,1,0.41,94.4,72.5
USC00036920,"STUTTGART 9 ESE, AR US",1978-08,1,4.24,90.9,68.8
USC00036920,"STUTTGART 9 ESE, AR US",1978-09,1,7.26,84.9,65
USC00036920,"STUTTGART 9 ESE, AR US",1978-10,1,1.08,74.8,45.6
USC00036920,"STUTTGART 9 ESE, AR US",1978-11,1,5.13,65.8,43.2
USC00036920,"STUTTGART 9 ESE, AR US",1978-12,1,8.94,53.6,32.4
USC00036920,"STUTTGART 9 ESE, AR US",1979-01,1,7.23,37.2,21.4
USC00036920,"STUTTGART 9 ESE, AR US",1979-02,1,5.9,44.6,27.6
USC00036920,"STUTTGART 9 ESE, AR US",1979-03,1,2.93,62.9,42.2
USC00036920,"STUTTGART 9 ESE, AR US",1979-04,1,7.57,71.3,51.6
USC00036920,"STUTTGART 9 ESE, AR US",1979-05,1,11.2,77.3,58.4
USC00036920,"STUTTGART 9 ESE, AR US",1979-06,1,5.73,85.4,66
USC00036920,"STUTTGART 9 ESE, AR US",1979-07,1,4.73,89.4,70.6
USC00036920,"STUTTGART 9 ESE, AR US",1979-08,1,2.42,88,69.3
USC00036920,"STUTTGART 9 ESE, AR US",1979-09,1,4.77,80.8,60.6
USC00036920,"STUTTGART 9 ESE, AR US",1979-10,1,3.23,76.1,49.8
USC00036920,"STUTTGART 9 ESE, AR US",1979-11,1,5.65,60.2,38.6
USC00036920,"STUTTGART 9 ESE, AR US",1979-12,1,5.35,52.6,33.2
USC00036920,"STUTTGART 9 ESE, AR US",1980-01,1,4.43,49.2,33.6
USC00036920,"STUTTGART 9 ESE, AR US",1980-02,1,1.45,46.9,28.4
USC00036920,"STUTTGART 9 ESE, AR US",1980-03,1,11.07,57.1,38.4
USC00036920,"STUTTGART 9 ESE, AR US",1980-04,1,3.75,69.5,49.2
USC00036920,"STUTTGART 9 ESE, AR US",1980-05,1,6.16,79.4,60.9
USC00036920,"STUTTGART 9 ESE, AR US",1980-06,1,1.51,89.1,69.8
USC00036920,"STUTTGART 9 ESE, AR US",1980-07,1,0.33,98.5,74.1
USC00036920,"STUTTGART 9 ESE, AR US",1980-08,1,0.2,96.3,71.9
USC00036920,"STUTTGART 9 ESE, AR US",1980-09,1,5.46,89.2,66
USC00036920,"STUTTGART 9 ESE, AR US",1980-10,1,3.05,71.7,48
USC00036920,"STUTTGART 9 ESE, AR US",1980-11,1,5.97,60.1,40.6
USC00036920,"STUTTGART 9 ESE, AR US",1980-12,1,1.69,51.7,32.6
USC00036920,"STUTTGART 9 ESE, AR US",1981-01,1,1.02,48.9,28.6
USC00036920,"STUTTGART 9 ESE, AR US",1981-02,1,2.78,54.1,35.5
USC00036920,"STUTTGART 9 ESE, AR US",1981-03,1,4.92,61.6,42.3
USC00036920,"STUTTGART 9 ESE, AR US",1981-04,1,2.31,77.6,58.4
USC00036920,"STUTTGART 9 ESE, AR US",1981-05,1,7.76,76.8,58.5
USC00036920,"STUTTGART 9 ESE, AR US",1981-06,1,4.58,88.9,72.2
USC00036920,"STUTTGART 9 ESE, AR US",1981-07,1,1.48,92.2,73.8
USC00036920,"STUTTGART 9 ESE, AR US",1981-08,1,2.14,88.4,70.1
USC00036920,"STUTTGART 9 ESE, AR US",1981-09,1,0.83,83.1,60.1
USC00036920,"STUTTGART 9 ESE, AR US",1981-10,1,4.43,71.5,50.9
USC00036920,"STUTTGART 9 ESE, AR US",1981-11,1,2.37,64.2,42.5
USC00036920,"STUTTGART 9 ESE, AR US",1981-12,1,0.96,51.2,31.2
USC00036920,"STUTTGART 9 ESE, AR US",1982-01,1,5.32,45.2,24
USC00036920,"STUTTGART 9 ESE, AR US",1982-02,1,3.44,48,32.5
USC00036920,"STUTTGART 9 ESE, AR US",1982-03,1,2.02,64.4,47.2
USC00036920,"STUTTGART 9 ESE, AR US",1982-04,1,7.51,67.4,49
USC00036920,"STUTTGART 9 ESE, AR US",1982-05,1,3.74,82.3,63.1
USC00036920,"STUTTGART 9 ESE, AR US",1982-06,1,6.81,84.5,67.8
USC00036920,"STUTTGART 9 ESE, AR US",1982-07,1,2.4,91.5,73.6
USC00036920,"STUTTGART 9 ESE, AR US",1982-08,1,2.52,88.7,71.9
USC00036920,"STUTTGART 9 ESE, AR US",1982-09,1,2.22,82.9,61.5
USC00036920,"STUTTGART 9 ESE, AR US",1982-10,1,5.12,73.5,51.1
USC00036920,"STUTTGART 9 ESE, AR US",1982-11,1,4.38,61.5,43
USC00036920,"STUTTGART 9 ESE, AR US",1982-12,1,10.76,55.7,39.2
USC00036920,"STUTTGART 9 ESE, AR US",1983-01,1,1.5,46.5,31.2
USC00036920,"STUTTGART 9 ESE, AR US",1983-02,1,3.37,53,35.7
USC00036920,"STUTTGART 9 ESE, AR US",1983-03,1,1.9,59.8,40.8
USC00036920,"STUTTGART 9 ESE, AR US",1983-04,1,9.19,63.4,46.8
USC00036920,"STUTTGART 9 ESE, AR US",1983-05,1,7.8,76.2,59
USC00036920,"STUTTGART 9 ESE, AR US",1983-06,1,2.04,85.1,67.4
USC00036920,"STUTTGART 9 ESE, AR US",1983-07,1,3.73,91.2,73.1
USC00036920,"STUTTGART 9 ESE, AR US",1983-08,1,0.99,94.1,73.3
USC00036920,"STUTTGART 9 ESE, AR US",1983-09,1,2.95,85.1,62.2
USC00036920,"STUTTGART 9 ESE, AR US",1983-10,1,3.35,74.9,53.3
USC00036920,"STUTTGART 9 ESE, AR US",1983-11,1,6.09,62.8,42.1
USC00036920,"STUTTGART 9 ESE, AR US",1983-12,1,10.04,39,25.3
USC00036920,"STUTTGART 9 ESE, AR US",1984-01,1,1.78,42.4,24.9
USC00036920,"STUTTGART 9 ESE, AR US",1984-02,1,4.47,56.8,36.7
USC00036920,"STUTTGART 9 ESE, AR US",1984-03,1,3.87,59,41.6
USC00036920,"STUTTGART 9 ESE, AR US",1984-04,1,5.02,69.3,50.2
USC00036920,"STUTTGART 9 ESE, AR US",1984-05,1,10.14,78.4,59.5
USC00036920,"STUTTGART 9 ESE, AR US",1984-06,1,4.78,88.9,70.2
USC00036920,"STUTTGART 9 ESE, AR US",1984-07,1,2.38,89,70.5
USC00036920,"STUTTGART 9 ESE, AR US",1984-08,1,2.5,86.1,69.1
USC00036920,"STUTTGART 9 ESE, AR US",1984-09,1,1.34,81.3,61.2
USC00036920,"STUTTGART 9 ESE, AR US",1984-10,1,15.33,74.3,57.3
USC00036920,"STUTTGART 9 ESE, AR US",1984-11,1,4.48,60,40.1
USC00036920,"STUTTGART 9 ESE, AR US",1984-12,1,3.17,59.9,43.9
USC00036920,"STUTTGART 9 ESE, AR US",1985-01,1,4.44,40.2,24.3
USC00036920,"STUTTGART 9 ESE, AR US",1985-02,1,3,45.8,28.8
USC00036920,"STUTTGART 9 ESE, AR US",1985-03,1,3.8,65.6,46.1
USC00036920,"STUTTGART 9 ESE, AR US",1985-04,1,8.43,73.8,52.2
USC00036920,"STUTTGART 9 ESE, AR US",1985-05,1,2.93,80.5,61.2
USC00036920,"STUTTGART 9 ESE, AR US",1985-06,1,1.59,88.8,69
USC00036920,"STUTTGART 9 ESE, AR US",1985-07,1,3.11,90.4,71.5
USC00036920,"STUTTGART 9 ESE, AR US",1985-08,1,3.02,89.3,70.4
USC00036920,"STUTTGART 9 ESE, AR US",1985-09,1,0.99,85.3,62.4
USC00036920,"STUTTGART 9 ESE, AR US",1985-10,1,4.49,75.8,55.9
USC00036920,"STUTTGART 9 ESE, AR US",1985-11,1,1.89,64.7,46.1
USC00036920,"STUTTGART 9 ESE, AR US",1985-12,1,3.83,47.9,28.1
USC00036920,"STUTTGART 9 ESE, AR US",1986-01,1,0.29,53.5,28.8
USC00036920,"STUTTGART 9 ESE, AR US",1986-02,1,3.45,57,37.4
USC00036920,"STUTTGART 9 ESE, AR US",1986-03,1,1.74,67,40.9
USC00036920,"STUTTGART 9 ESE, AR US",1986-04,1,4.08,74.5,52.6
USC00036920,"STUTTGART 9 ESE, AR US",1986-05,1,2.5,81.6,62.4
USC00036920,"STUTTGART 9 ESE, AR US",1986-06,1,3.57,88.6,70.4
USC00036920,"STUTTGART 9 ESE, AR US",1986-07,1,0.19,95.8,74.1
USC00036920,"STUTTGART 9 ESE, AR US",1986-08,1,2.18,89.6,66.8
USC00036920,"STUTTGART 9 ESE, AR US",1986-09,1,1.46,87.9,65.7
USC00036920,"STUTTGART 9 ESE, AR US",1986-10,1,3.84,75.7,53.8
USC00036920,"STUTTGART 9 ESE, AR US",1986-11,1,8.61,58.3,43
USC00036920,"STUTTGART 9 ESE, AR US",1986-12,1,3.71,49.1,35.7
USC00036920,"STUTTGART 9 ESE, AR US",1987-01,1,1.92,47.6,30.7
USC00036920,"STUTTGART 9 ESE, AR US",1987-02,1,7.24,54.3,37
USC00036920,"STUTTGART 9 ESE, AR US",1987-03,1,4.09,64.9,42.5
USC00036920,"STUTTGART 9 ESE, AR US",1987-04,1,1.09,74.9,48.2
USC00036920,"STUTTGART 9 ESE, AR US",1987-05,1,4.52,85.9,65.2
USC00036920,"STUTTGART 9 ESE, AR US",1987-06,1,4.05,88.5,69.5
USC00036920,"STUTTGART 9 ESE, AR US",1987-07,1,3.28,89.7,71.4
USC00036920,"STUTTGART 9 ESE, AR US",1987-08,1,2.29,93.7,72.6
USC00036920,"STUTTGART 9 ESE, AR US",1987-09,1,1.74,85.2,61.9
USC00036920,"STUTTGART 9 ESE, AR US",1987-10,1,1.84,72.5,44.1
USC00036920,"STUTTGART 9 ESE, AR US",1987-11,1,12.05,63.3,43.7
USC00036920,"STUTTGART 9 ESE, AR US",1987-12,1,11.5,53.8,37.1
USC00036920,"STUTTGART 9 ESE, AR US",1988-01,1,2.54,43,26.4
USC00036920,"STUTTGART 9 ESE, AR US",1988-02,1,1.94,51.6,31.5
USC00036920,"STUTTGART 9 ESE, AR US",1988-03,1,3.72,61.7,39.5
USC00036920,"STUTTGART 9 ESE, AR US",1988-04,1,3.24,72.5,48.9
USC00036920,"STUTTGART 9 ESE, AR US",1988-05,1,2.6,82.1,58.6
USC00036920,"STUTTGART 9 ESE, AR US",1988-06,1,0.7,91.4,65.7
USC00036920,"STUTTGART 9 ESE, AR US",1988-07,1,3.21,89.5,71.8
USC00036920,"STUTTGART 9 ESE, AR US",1988-08,1,0.54,94.1,71.5
USC00036920,"STUTTGART 9 ESE, AR US",1988-09,1,2.54,85.2,59.6
USC00036920,"STUTTGART 9 ESE, AR US",1988-10,1,3.19,70.3,47.2
USC00036920,"STUTTGART 9 ESE, AR US",1988-11,1,9.83,63.9,41.4
USC00036920,"STUTTGART 9 ESE, AR US",1988-12,1,3.3,54.7,33.5
USC00036920,"STUTTGART 9 ESE, AR US",1989-01,1,6.14,55.1,35.7
USC00036920,"STUTTGART 9 ESE, AR US",1989-02,1,9.59,45.9,30.3
USC00036920,"STUTTGART 9 ESE, AR US",1989-03,1,7.85,61.4,42.1
USC00036920,"STUTTGART 9 ESE, AR US",1989-04,1,2.33,72.5,49.3
USC00036920,"STUTTGART 9 ESE, AR US",1989-05,1,7.6,77.3,59.5
USC00036920,"STUTTGART 9 ESE, AR US",1989-06,1,6.3,84.9,67.7
USC00036920,"STUTTGART 9 ESE, AR US",1989-07,1,8.63,87.2,70.6
USC00036920,"STUTTGART 9 ESE, AR US",1989-08,1,0.74,89.7,69.3
USC00036920,"STUTTGART 9 ESE, AR US",1989-09,1,3.09,80.6,61
USC00036920,"STUTTGART 9 ESE, AR US",1989-10,1,1.61,75.5,51.2
USC00036920,"STUTTGART 9 ESE, AR US",1989-11,1,1.2,66.7,42.9
USC00036920,"STUTTGART 9 ESE, AR US",1989-12,1,2.31,45.9,23.9
USC00036920,"STUTTGART 9 ESE, AR US",1990-01,1,4.86,55.7,36.4
USC00036920,"STUTTGART 9 ESE, AR US",1990-02,1,8.55,61.4,40.3
USC00036920,"STUTTGART 9 ESE, AR US",1990-03,1,8.87,62.7,45.2
USC00036920,"STUTTGART 9 ESE, AR US",1990-04,1,5.79,71.6,50.5
USC00036920,"STUTTGART 9 ESE, AR US",1990-05,1,7.04,74.5,58.7
USC00036920,"STUTTGART 9 ESE, AR US",1990-06,1,3.16,90.2,69.6
USC00036920,"STUTTGART 9 ESE, AR US",1990-07,1,5.7,91.4,71.9
USC00036920,"STUTTGART 9 ESE, AR US",1990-08,1,1.88,90.6,70.6
USC00036920,"STUTTGART 9 ESE, AR US",1990-09,1,5.51,88,64.8
USC00036920,"STUTTGART 9 ESE, AR US",1990-10,1,6.96,73.1,47.8
USC00036920,"STUTTGART 9 ESE, AR US",1990-11,1,3.63,68.4,44.2
USC00036920,"STUTTGART 9 ESE, AR US",1990-12,1,5.87,54.9,34.1
USC00036920,"STUTTGART 9 ESE, AR US",1991-01,1,3.72,45.3,31.1
USC00036920,"STUTTGART 9 ESE, AR US",1991-02,1,4.83,57.3,36
USC00036920,"STUTTGART 9 ESE, AR US",1991-03,1,3.71,65.6,43.1
USC00036920,"STUTTGART 9 ESE, AR US",1991-04,1,13.56,72.9,55.1
USC00036920,"STUTTGART 9 ESE, AR US",1991-05,1,4.41,82.2,65
USC00036920,"STUTTGART 9 ESE, AR US",1991-06,1,4.48,89.1,70.5
USC00036920,"STUTTGART 9 ESE, AR US",1991-07,1,2.43,92.2,71.2
USC00036920,"STUTTGART 9 ESE, AR US",1991-08,1,3.02,89.9,67.4
USC00036920,"STUTTGART 9 ESE, AR US",1991-09,1,1.41,84.6,62.6
USC00036920,"STUTTGART 9 ESE, AR US",1991-10,1,5.88,77.1,52.7
USC00036920,"STUTTGART 9 ESE, AR US",1991-11,1,4.59,57.8,40.2
USC00036920,"STUTTGART 9 ESE, AR US",1991-12,1,7.27,54.9,39.5
USC00036920,"STUTTGART 9 ESE, AR US",1992-01,1,2.58,50.9,33.3
USC00036920,"STUTTGART 9 ESE, AR US",1992-02,1,2.13,59.8,40.5
USC00036920,"STUTTGART 9 ESE, AR US",1992-03,1,8.28,62.5,43.9
USC00036920,"STUTTGART 9 ESE, AR US",1992-04,1,1.89,71.5,50.4
USC00036920,"STUTTGART 9 ESE, AR US",1992-05,1,6.42,79.5,59.6
USC00036920,"STUTTGART 9 ESE, AR US",1992-06,1,6.72,85.7,67.8
USC00036920,"STUTTGART 9 ESE, AR US",1992-07,1,5.05,89.9,73
USC00036920,"STUTTGART 9 ESE, AR US",1992-08,1,1.98,85.8,66.4
USC00036920,"STUTTGART 9 ESE, AR US",1992-09,1,2.22,83.2,61.8
USC00036920,"STUTTGART 9 ESE, AR US",1992-10,1,3.19,76.5,49.4
USC00036920,"STUTTGART 9 ESE, AR US",1992-11,1,4.07,58.8,41.6
USC00036920,"STUTTGART 9 ESE, AR US",1992-12,1,2.72,51.2,36
USC00036920,"STUTTGART 9 ESE, AR US",1993-01,1,3.45,49.2,32.8
USC00036920,"STUTTGART 9 ESE, AR US",1993-02,1,1.37,53.4,32.9
USC00036920,"STUTTGART 9 ESE, AR US",1993-03,1,3.16,59.8,41.2
USC00036920,"STUTTGART 9 ESE, AR US",1993-04,1,6.17,66.7,47.9
USC00036920,"STUTTGART 9 ESE, AR US",1993-05,1,3.69,79.3,60.1
USC00036920,"STUTTGART 9 ESE, AR US",1993-06,1,1.76,87.6,69.7
USC00036920,"STUTTGART 9 ESE, AR US",1993-07,1,0,95.2,74.4
USC00036920,"STUTTGART 9 ESE, AR US",1993-08,1,3.2,92.8,71.8
USC00036920,"STUTTGART 9 ESE, AR US",1993-09,1,1.04,85.7,59.1
USC00036920,"STUTTGART 9 ESE, AR US",1993-10,1,4.25,73.8,47.9
USC00036920,"STUTTGART 9 ESE, AR US",1993-11,1,6.31,57.9,37.9
USC00036920,"STUTTGART 9 ESE, AR US",1993-12,1,6.18,53.7,33.8
USC00036920,"STUTTGART 9 ESE, AR US",1994-01,1,6.07,45.1,28.8
USC00036920,"STUTTGART 9 ESE, AR US",1994-02,1,4.97,53.6,34.8
USC00036920,"STUTTGART 9 ESE, AR US",1994-03,1,4.97,64.7,42.4
USC00036920,"STUTTGART 9 ESE, AR US",1994-04,1,2.48,76.3,51.9
USC00036920,"STUTTGART 9 ESE, AR US",1994-05,1,4.76,78.8,58.1
USC00036920,"STUTTGART 9 ESE, AR US",1994-06,1,5.73,90.1,71.2
USC00036920,"STUTTGART 9 ESE, AR US",1994-07,1,5.74,88.4,70.5
USC00036920,"STUTTGART 9 ESE, AR US",1994-08,1,3.27,88.5,66.7
USC00036920,"STUTTGART 9 ESE, AR US",1994-09,1,1.55,85.1,59.3
USC00036920,"STUTTGART 9 ESE, AR US",1994-10,1,1.42,74.8,53
USC00036920,"STUTTGART 9 ESE, AR US",1994-11,1,2.63,65.6,45.6
USC00036920,"STUTTGART 9 ESE, AR US",1994-12,1,3.83,54.3,36.9
USC00036920,"STUTTGART 9 ESE, AR US",1995-01,1,4.84,51.4,34
USC00036920,"STUTTGART 9 ESE, AR US",1995-02,1,1.95,56,33.3
USC00036920,"STUTTGART 9 ESE, AR US",1995-03,1,2.91,64.9,45.2
USC00036920,"STUTTGART 9 ESE, AR US",1995-04,1,10.48,73.5,50.4
USC00036920,"STUTTGART 9 ESE, AR US",1995-05,1,2.71,81.4,60.5
USC00036920,"STUTTGART 9 ESE, AR US",1995-06,1,0.98,87.7,67.7
USC00036920,"STUTTGART 9 ESE, AR US",1995-07,1,4.68,91.8,70.8
USC00036920,"STUTTGART 9 ESE, AR US",1995-08,1,0.27,95.8,72.7
USC00036920,"STUTTGART 9 ESE, AR US",1995-09,1,0.48,84.7,59.1
USC00036920,"STUTTGART 9 ESE, AR US",1995-10,1,1.83,79.8,48.7
USC00036920,"STUTTGART 9 ESE, AR US",1995-11,1,2.72,61,36.5
USC00036920,"STUTTGART 9 ESE, AR US",1995-12,1,5.34,51.2,33.5
USC00036920,"STUTTGART 9 ESE, AR US",1996-01,1,1.2,49.8,30.3
USC00036920,"STUTTGART 9 ESE, AR US",1996-02,1,2.87,55.1,34
USC00036920,"STUTTGART 9 ESE, AR US",1996-03,1,3.24,58.5,37.5
USC00036920,"STUTTGART 9 ESE, AR US",1996-04,1,2.7,70.4,47.8
USC00036920,"STUTTGART 9 ESE, AR US",1996-05,1,4.52,84,65.2
USC00036920,"STUTTGART 9 ESE, AR US",1996-06,1,2.15,88.1,69.8
USC00036920,"STUTTGART 9 ESE, AR US",1996-07,1,9.35,90.6,71.6
USC00036920,"STUTTGART 9 ESE, AR US",1996-08,1,2.03,89.1,69.7
USC00036920,"STUTTGART 9 ESE, AR US",1996-09,1,5.86,83.2,61.5
USC00036920,"STUTTGART 9 ESE, AR US",1996-10,1,5.59,75.8,52.2
USC00036920,"STUTTGART 9 ESE, AR US",1996-11,1,5,57.5,40.7
USC00036920,"STUTTGART 9 ESE, AR US",1996-12,1,2.87,56.1,37.3
USC00036920,"STUTTGART 9 ESE, AR US",1997-01,1,4.19,48.9,30.4
USC00036920,"STUTTGART 9 ESE, AR US",1997-02,1,6.19,56,39.5
USC00036920,"STUTTGART 9 ESE, AR US",1997-03,1,7.93,66.8,46.7
USC00036920,"STUTTGART 9 ESE, AR US",1997-04,1,12.85,68.5,47.8
USC00036920,"STUTTGART 9 ESE, AR US",1997-05,1,3.59,79.7,57
USC00036920,"STUTTGART 9 ESE, AR US",1997-06,1,5.75,84.1,67.4
USC00036920,"STUTTGART 9 ESE, AR US",1997-07,1,0.64,93.6,73.9
USC00036920,"STUTTGART 9 ESE, AR US",1997-08,1,1.56,89,68.6
USC00036920,"STUTTGART 9 ESE, AR US",1997-09,1,3.02,87.7,62.6
USC00036920,"STUTTGART 9 ESE, AR US",1997-10,1,6.47,74.2,50.9
USC00036920,"STUTTGART 9 ESE, AR US",1997-11,1,3.06,57.8,41.2
USC00036920,"STUTTGART 9 ESE, AR US",1997-12,1,3.79,50.4,35.4
USC00036920,"STUTTGART 9 ESE, AR US",1998-01,1,6.91,53.4,39.1
USC00036920,"STUTTGART 9 ESE, AR US",1998-02,1,3.72,57.9,39.8
USC00036920,"STUTTGART 9 ESE, AR US",1998-03,1,3.84,61.1,42.2
USC00036920,"STUTTGART 9 ESE, AR US",1998-04,1,4.13,73.3,51.4
USC00036920,"STUTTGART 9 ESE, AR US",1998-05,1,1.47,85.5,65.4
USC00036920,"STUTTGART 9 ESE, AR US",1998-06,1,1.09,93.1,73.3
USC00036920,"STUTTGART 9 ESE, AR US",1998-07,1,1.09,96.3,75.4
USC00036920,"STUTTGART 9 ESE, AR US",1998-08,1,4.15,93.3,71.7
USC00036920,"STUTTGART 9 ESE, AR US",1998-09,1,2.52,90.8,67.6
USC00036920,"STUTTGART 9 ESE, AR US",1998-10,1,3.38,78.4,53.8
USC00036920,"STUTTGART 9 ESE, AR US",1998-11,1,1.89,64.9,43.5
USC00036920,"STUTTGART 9 ESE, AR US",1998-12,1,5.41,54.2,36.8
USC00036920,"STUTTGART 9 ESE, AR US",1999-01,1,7.55,53.1,35.2
USC00036920,"STUTTGART 9 ESE, AR US",1999-02,1,1.17,61.2,40.1
USC00036920,"STUTTGART 9 ESE, AR US",1999-03,1,5.79,60.3,40.5
USC00036920,"STUTTGART 9 ESE, AR US",1999-04,1,5.46,75.6,56.4
USC00036920,"STUTTGART 9 ESE, AR US",1999-05,1,2.86,81.7,61.2
USC00036920,"STUTTGART 9 ESE, AR US",1999-06,1,4.45,88.3,70.3
USC00036920,"STUTTGART 9 ESE, AR US",1999-07,1,2.56,92.1,73.8
USC00036920,"STUTTGART 9 ESE, AR US",1999-08,1,0.34,94,68.7
USC00036920,"STUTTGART 9 ESE, AR US",1999-09,1,0.68,88.7,59.4
USC00036920,"STUTTGART 9 ESE, AR US",1999-10,1,3.19,76.9,49.8
USC00036920,"STUTTGART 9 ESE, AR US",1999-11,1,3.64,70.2,43.6
USC00036920,"STUTTGART 9 ESE, AR US",1999-12,1,4.68,55.5,34.7
USC00036920,"STUTTGART 9 ESE, AR US",2000-01,1,0.97,52.2,34.8
USC00036920,"STUTTGART 9 ESE, AR US",2000-02,1,2.36,61.4,46.4
USC00036920,"STUTTGART 9 ESE, AR US",2000-03,1,4.78,67.3,53.4
USC00036920,"STUTTGART 9 ESE, AR US",2000-04,1,3.5,71.3,67.2
USC00036920,"STUTTGART 9 ESE, AR US",2000-05,1,9.15,82.1,70
USC00036920,"STUTTGART 9 ESE, AR US",2000-06,1,4.6,87.6,74.2
USC00036920,"STUTTGART 9 ESE, AR US",2000-07,1,0.26,93.7,70.1
USC00036920,"STUTTGART 9 ESE, AR US",2000-08,1,0.34,98,71.7
USC00036920,"STUTTGART 9 ESE, AR US",2000-09,1,1.69,87,60.8
USC00036920,"STUTTGART 9 ESE, AR US",2000-10,1,1.49,79.5,49.8
USC00036920,"STUTTGART 9 ESE, AR US",2000-11,1,8.02,58.1,39.9
USC00036920,"STUTTGART 9 ESE, AR US",2000-12,1,4.15,41.2,24.5
USC00036920,"STUTTGART 9 ESE, AR US",2001-01,1,3.71,45.6,28.7
USC00036920,"STUTTGART 9 ESE, AR US",2001-02,1,8.91,55.7,37.6
USC00036920,"STUTTGART 9 ESE, AR US",2001-03,1,2.69,58.2,39.7
USC00036920,"STUTTGART 9 ESE, AR US",2001-04,1,3.78,77.4,55.5
USC00036920,"STUTTGART 9 ESE, AR US",2001-05,1,4.22,83.3,61.2
USC00036920,"STUTTGART 9 ESE, AR US",2001-06,1,2.21,88.1,67.9
USC00036920,"STUTTGART 9 ESE, AR US",2001-07,1,1.42,92.7,73.3
USC00036920,"STUTTGART 9 ESE, AR US",2001-08,1,1.84,92.5,70.7
USC00036920,"STUTTGART 9 ESE, AR US",2001-09,1,2.28,85.4,60.1
USC00036920,"STUTTGART 9 ESE, AR US",2001-10,1,8.47,74.6,47.3
USC00036920,"STUTTGART 9 ESE, AR US",2001-11,1,7.59,69.1,43.7
USC00036920,"STUTTGART 9 ESE, AR US",2001-12,1,8.6,57.6,37.9
USC00036920,"STUTTGART 9 ESE, AR US",2002-01,1,2.53,53.3,34.4
USC00036920,"STUTTGART 9 ESE, AR US",2002-02,1,2.43,53.7,33.2
USC00036920,"STUTTGART 9 ESE, AR US",2002-03,1,12.36,58.4,37.7
USC00036920,"STUTTGART 9 ESE, AR US",2002-04,1,1.03,76.2,53.9
USC00036920,"STUTTGART 9 ESE, AR US",2002-05,1,10.47,80.8,59.7
USC00036920,"STUTTGART 9 ESE, AR US",2002-06,1,2.49,88.8,69.1
USC00036920,"STUTTGART 9 ESE, AR US",2002-07,1,3.48,92.7,72.6
USC00036920,"STUTTGART 9 ESE, AR US",2002-08,1,4.68,91.3,70.3
USC00036920,"STUTTGART 9 ESE, AR US",2002-09,1,2.91,88,64.9
USC00036920,"STUTTGART 9 ESE, AR US",2002-10,1,5.81,71.6,52.6
USC00036920,"STUTTGART 9 ESE, AR US",2002-11,1,2.37,61,38.6
USC00036920,"STUTTGART 9 ESE, AR US",2002-12,1,11.18,53.4,34.8
USC00036920,"STUTTGART 9 ESE, AR US",2003-01,1,0.22,48.6,27.2
USC00036920,"STUTTGART 9 ESE, AR US",2003-02,1,10.6,48.1,32.9
USC00036920,"STUTTGART 9 ESE, AR US",2003-03,1,2.55,63,41
USC00036920,"STUTTGART 9 ESE, AR US",2003-04,1,3.5,76.2,49.8
USC00036920,"STUTTGART 9 ESE, AR US",2003-05,1,4.81,82.2,62.1
USC00036920,"STUTTGART 9 ESE, AR US",2003-06,1,6.46,84.4,65.6
USC00036920,"STUTTGART 9 ESE, AR US",2003-07,1,1.78,90.8,71
USC00036920,"STUTTGART 9 ESE, AR US",2003-08,1,1.67,92.3,71.3
USC00036920,"STUTTGART 9 ESE, AR US",2003-09,1,2.36,84.7,60.3
USC00036920,"STUTTGART 9 ESE, AR US",2003-10,1,1.02,79.1,50
USC00036920,"STUTTGART 9 ESE, AR US",2003-11,1,3.8,67.5,46
USC00036920,"STUTTGART 9 ESE, AR US",2003-12,1,2.17,53.7,33
USC00036920,"STUTTGART 9 ESE, AR US",2004-01,1,5.16,52.8,32.4
USC00036920,"STUTTGART 9 ESE, AR US",2004-02,1,6.57,50.5,33
USC00036920,"STUTTGART 9 ESE, AR US",2004-03,1,5.55,68.1,46.4
USC00036920,"STUTTGART 9 ESE, AR US",2004-04,1,5.11,71.3,50.3
USC00036920,"STUTTGART 9 ESE, AR US",2004-05,1,6.48,82.5,63
USC00036920,"STUTTGART 9 ESE, AR US",2004-06,1,6.39,86.6,68.5
USC00036920,"STUTTGART 9 ESE, AR US",2004-07,1,3.57,89.3,69
USC00036920,"STUTTGART 9 ESE, AR US",2004-08,1,2.19,87.8,65.2
USC00036920,"STUTTGART 9 ESE, AR US",2004-09,1,0.02,87.9,61.6
USC00036920,"STUTTGART 9 ESE, AR US",2004-10,1,7.07,78.5,56.2
USC00036920,"STUTTGART 9 ESE, AR US",2004-11,1,10.01,65.2,46.5
USC00036920,"STUTTGART 9 ESE, AR US",2004-12,1,3.53,53.6,31.7
USC00036920,"STUTTGART 9 ESE, AR US",2005-01,1,4.77,55.5,37.1
USC00036920,"STUTTGART 9 ESE, AR US",2005-02,1,3.59,56.9,39.3
USC00036920,"STUTTGART 9 ESE, AR US",2005-03,1,4.78,62.8,39.8
USC00036920,"STUTTGART 9 ESE, AR US",2005-04,1,2.56,75.3,46.7
USC00036920,"STUTTGART 9 ESE, AR US",2005-05,1,0.3,81.8,56.4
USC00036920,"STUTTGART 9 ESE, AR US",2005-06,1,1.56,91.5,68.5
USC00036920,"STUTTGART 9 ESE, AR US",2005-07,1,3.73,91.5,71
USC00036920,"STUTTGART 9 ESE, AR US",2005-08,1,5.73,95.3,71.6
USC00036920,"STUTTGART 9 ESE, AR US",2005-09,1,6.52,90.6,65.8
USC00036920,"STUTTGART 9 ESE, AR US",2005-10,1,0,76.9,49
USC00036920,"STUTTGART 9 ESE, AR US",2005-11,1,4.37,67.8,43
USC00036920,"STUTTGART 9 ESE, AR US",2005-12,1,0.72,52.7,28.9
USC00036920,"STUTTGART 9 ESE, AR US",2006-01,1,6.58,59,35.5
USC00036920,"STUTTGART 9 ESE, AR US",2006-02,1,3.67,50.3,29.8
USC00036920,"STUTTGART 9 ESE, AR US",2006-03,1,3.75,65.7,42.9
USC00036920,"STUTTGART 9 ESE, AR US",2006-04,1,4.73,79.3,55.4
USC00036920,"STUTTGART 9 ESE, AR US",2006-05,1,4.8,82.4,60.8
USC00036920,"STUTTGART 9 ESE, AR US",2006-06,1,0.84,90,67.3
USC00036920,"STUTTGART 9 ESE, AR US",2006-07,1,2.35,93.7,69.9
USC00036920,"STUTTGART 9 ESE, AR US",2006-08,1,2.68,94.8,71.2
USC00036920,"STUTTGART 9 ESE, AR US",2006-09,1,4.28,85.1,57.6
USC00036920,"STUTTGART 9 ESE, AR US",2006-10,1,1.96,74.9,48.5
USC00036920,"STUTTGART 9 ESE, AR US",2006-11,1,4.15,64.4,40.4
USC00036920,"STUTTGART 9 ESE, AR US",2006-12,1,6.06,58.3,34.7
USC00036920,"STUTTGART 9 ESE, AR US",2007-01,1,6.41,49.6,31.9
USC00036920,"STUTTGART 9 ESE, AR US",2007-02,1,1.8,52.1,30.8
USC00036920,"STUTTGART 9 ESE, AR US",2007-03,1,0.97,73.8,48.2
USC00036920,"STUTTGART 9 ESE, AR US",2007-04,1,4.54,69.6,46.7
USC00036920,"STUTTGART 9 ESE, AR US",2007-05,1,2.83,84.8,62.3
USC00036920,"STUTTGART 9 ESE, AR US",2007-06,1,3.63,90.9,68.7
USC00036920,"STUTTGART 9 ESE, AR US",2007-07,1,4.87,89.3,69.2
USC00036920,"STUTTGART 9 ESE, AR US",2007-08,1,0.08,97.4,72.2
USC00036920,"STUTTGART 9 ESE, AR US",2007-09,1,4.32,86.6,64.4
USC00036920,"STUTTGART 9 ESE, AR US",2007-10,1,7.15,76.7,53.7
USC00036920,"STUTTGART 9 ESE, AR US",2007-11,1,2.04,66.4,42.1
USC00036920,"STUTTGART 9 ESE, AR US",2007-12,1,5.96,56.8,35.5
USC00036920,"STUTTGART 9 ESE, AR US",2008-01,1,2.2,51,29.7
USC00036920,"STUTTGART 9 ESE, AR US",2008-02,1,4.48,56.2,33.5
USC00036920,"STUTTGART 9 ESE, AR US",2008-03,1,4.91,64.7,40.2
USC00036920,"STUTTGART 9 ESE, AR US",2008-04,1,9.77,71.4,48.5
USC00036920,"STUTTGART 9 ESE, AR US",2008-05,1,3.7,81.6,59.1
USC00036920,"STUTTGART 9 ESE, AR US",2008-06,1,1.78,91.9,68.9
USC00036920,"STUTTGART 9 ESE, AR US",2008-07,1,2.99,94.4,70.8
USC00036920,"STUTTGART 9 ESE, AR US",2008-08,1,6.72,89,68.2
USC00036920,"STUTTGART 9 ESE, AR US",2008-09,1,7.21,83.4,61.4
USC00036920,"STUTTGART 9 ESE, AR US",2008-10,1,3.7,75.2,48.4
USC00036920,"STUTTGART 9 ESE, AR US",2008-11,1,2.13,62.1,37.5
USC00036920,"STUTTGART 9 ESE, AR US",2008-12,1,6.26,53.1,31
USC00036920,"STUTTGART 9 ESE, AR US",2009-01,1,3.41,48.1,28.7
USC00036920,"STUTTGART 9 ESE, AR US",2009-02,1,5.09,59.7,35.6
USC00036920,"STUTTGART 9 ESE, AR US",2009-03,1,5.39,62.7,44.1
USC00036920,"STUTTGART 9 ESE, AR US",2009-04,1,4.52,72.1,50.3
USC00036920,"STUTTGART 9 ESE, AR US",2009-05,1,11.52,78.4,60.7
USC00036920,"STUTTGART 9 ESE, AR US",2009-06,1,3.08,91.6,70.4
USC00036920,"STUTTGART 9 ESE, AR US",2009-07,1,11.28,88.7,68.7
USC00036920,"STUTTGART 9 ESE, AR US",2009-08,1,4.9,88.6,67.8
USC00036920,"STUTTGART 9 ESE, AR US",2009-09,1,4.09,83.9,64.1
USC00036920,"STUTTGART 9 ESE, AR US",2009-10,1,15.09,67.8,48.4
USC00036920,"STUTTGART 9 ESE, AR US",2009-11,1,2.66,66.6,43.5
USC00036920,"STUTTGART 9 ESE, AR US",2009-12,1,8.33,48.7,31.6
USC00036920,"STUTTGART 9 ESE, AR US",2010-01,1,3.91,46.5,28.1
USC00036920,"STUTTGART 9 ESE, AR US",2010-02,1,3.64,45.7,29
USC00036920,"STUTTGART 9 ESE, AR US",2010-03,1,3.29,63.1,40
USC00036920,"STUTTGART 9 ESE, AR US",2010-04,1,3.48,78.5,52.9
USC00036920,"STUTTGART 9 ESE, AR US",2010-05,1,4.26,85.4,63.7
USC00036920,"STUTTGART 9 ESE, AR US",2010-06,1,1.07,95,74.8
USC00036920,"STUTTGART 9 ESE, AR US",2010-07,1,1.3,93.2,74.7
USC00036920,"STUTTGART 9 ESE, AR US",2010-08,1,3.18,94.9,75.2
USC00036920,"STUTTGART 9 ESE, AR US",2010-09,1,0.83,89.9,64.5
USC00036920,"STUTTGART 9 ESE, AR US",2010-10,1,0.67,79.4,51.3
USC00036920,"STUTTGART 9 ESE, AR US",2010-11,1,6.8,63.3,42.1
USC00036920,"STUTTGART 9 ESE, AR US",2010-12,1,4.7,56.8,36.1
USC00036920,"STUTTGART 9 ESE, AR US",2011-01,1,2.53,46.8,30.5
USC00036920,"STUTTGART 9 ESE, AR US",2011-02,1,3.46,56.5,35.9
USC00036920,"STUTTGART 9 ESE, AR US",2011-03,1,2.82,64.2,42
USC00036920,"STUTTGART 9 ESE, AR US",2011-04,1,11.52,76.9,54.9
USC00036920,"STUTTGART 9 ESE, AR US",2011-05,1,4.55,79.1,59.8
USC00036920,"STUTTGART 9 ESE, AR US",2011-06,1,1.59,94.2,73.8
USC00036920,"STUTTGART 9 ESE, AR US",2011-07,1,1.81,93.3,75.9
USC00036920,"STUTTGART 9 ESE, AR US",2011-08,1,6.18,92.6,72.8
USC00036920,"STUTTGART 9 ESE, AR US",2011-09,1,1.21,83.4,59.8
USC00036920,"STUTTGART 9 ESE, AR US",2011-10,1,1.4,75.1,48
USC00036920,"STUTTGART 9 ESE, AR US",2011-11,1,5.73,64.5,45
USC00036920,"STUTTGART 9 ESE, AR US",2011-12,1,6.39,52.5,37.1
USC00036920,"STUTTGART 9 ESE, AR US",2012-01,1,1.87,56,36.1
USC00036920,"STUTTGART 9 ESE, AR US",2012-02,1,4.03,56.9,40.2
USC00036920,"STUTTGART 9 ESE, AR US",2012-03,1,3.34,73.8,53.6
USC00036920,"STUTTGART 9 ESE, AR US",2012-04,1,2.14,76,54.9
USC00036920,"STUTTGART 9 ESE, AR US",2012-05,1,1.62,84.9,65.9
USC00036920,"STUTTGART 9 ESE, AR US",2012-06,1,3.22,88.4,68.7
USC00036920,"STUTTGART 9 ESE, AR US",2012-07,1,3.77,93.6,74.4
USC00036920,"STUTTGART 9 ESE, AR US",2012-08,1,5.99,90.1,70.6
USC00036920,"STUTTGART 9 ESE, AR US",2012-09,1,4.86,84,65
USC00036920,"STUTTGART 9 ESE, AR US",2012-10,1,2.27,71.6,50.2
USC00036920,"STUTTGART 9 ESE, AR US",2012-11,1,2.38,62.5,39
USC00036920,"STUTTGART 9 ESE, AR US",2012-12,1,1.29,58.8,39.1
USC00036920,"STUTTGART 9 ESE, AR US",2013-01,1,8.4,52.8,34.6
USC00036920,"STUTTGART 9 ESE, AR US",2013-02,1,3.92,53.3,36.4
USC00036920,"STUTTGART 9 ESE, AR US",2013-03,1,2.23,58.4,37.9
USC00036920,"STUTTGART 9 ESE, AR US",2013-04,1,8.72,72.1,50.1
USC00036920,"STUTTGART 9 ESE, AR US",2013-05,1,4.31,79.4,60.4
USC00036920,"STUTTGART 9 ESE, AR US",2013-06,1,1.45,88.8,70
USC00036920,"STUTTGART 9 ESE, AR US",2013-07,1,0.82,89.2,70.5
USC00036920,"STUTTGART 9 ESE, AR US",2013-08,1,1.58,89.8,70.5
USC00036920,"STUTTGART 9 ESE, AR US",2013-09,1,4.96,89,66.7
USC00036920,"STUTTGART 9 ESE, AR US",2013-10,1,3.63,73.8,54.6
USC00036920,"STUTTGART 9 ESE, AR US",2013-11,1,3.31,60.9,39
USC00036920,"STUTTGART 9 ESE, AR US",2014-01,1,2.11,46,26
USC00036920,"STUTTGART 9 ESE, AR US",2014-02,1,3.96,49.2,30.5
USC00036920,"STUTTGART 9 ESE, AR US",2014-03,1,5.12,60.3,37.1
USC00036920,"STUTTGART 9 ESE, AR US",2014-04,1,6.67,71.7,51.4
USC00036920,"STUTTGART 9 ESE, AR US",2014-05,1,5.82,80.2,62
USC00036920,"STUTTGART 9 ESE, AR US",2014-06,1,7.78,86.3,71.3
USC00036920,"STUTTGART 9 ESE, AR US",2014-07,1,2.24,85.8,68.8
USC00036920,"STUTTGART 9 ESE, AR US",2014-08,1,2.81,88.6,71.6
USC00036920,"STUTTGART 9 ESE, AR US",2014-09,1,1.2,84.2,65.2
USC00036920,"STUTTGART 9 ESE, AR US",2014-10,1,4.22,76.9,55.8
USC00036920,"STUTTGART 9 ESE, AR US",2014-11,1,3.53,57.3,35.8
USC00036920,"STUTTGART 9 ESE, AR US",2014-12,1,0.95,55.3,38.9
USC00036920,"STUTTGART 9 ESE, AR US",2015-01,1,2.72,50.9,29.9
USC00036920,"STUTTGART 9 ESE, AR US",2015-02,1,2.92,47,27
USC00036920,"STUTTGART 9 ESE, AR US",2015-03,1,7.6,60.4,43.9
USC00036920,"STUTTGART 9 ESE, AR US",2015-04,1,6.4,75.7,56.1
USC00036920,"STUTTGART 9 ESE, AR US",2015-05,1,5.04,81.1,63.6
USC00036920,"STUTTGART 9 ESE, AR US",2015-06,1,2.94,88.6,71.7
USC00036920,"STUTTGART 9 ESE, AR US",2015-07,1,2.16,90.7,75.2
USC00036920,"STUTTGART 9 ESE, AR US",2015-08,1,3.27,89.7,69.4
USC00036920,"STUTTGART 9 ESE, AR US",2015-09,1,0.07,88.6,66
USC00036920,"STUTTGART 9 ESE, AR US",2015-10,1,3.48,77.6,53.9
USC00036920,"STUTTGART 9 ESE, AR US",2015-11,1,8.98,66.6,47.1
USC00036920,"STUTTGART 9 ESE, AR US",2015-12,1,6.15,61.5,42.6
USC00036920,"STUTTGART 9 ESE, AR US",2016-01,1,2.5,48.9,32.3
USC00036920,"STUTTGART 9 ESE, AR US",2016-02,1,2.99,58.2,38.4
USC00036920,"STUTTGART 9 ESE, AR US",2016-03,1,13.74,67.7,49.2
USC00036920,"STUTTGART 9 ESE, AR US",2016-04,1,5.83,74,55.5
USC00036920,"STUTTGART 9 ESE, AR US",2016-05,1,3.5,79.6,61.9
USC00036920,"STUTTGART 9 ESE, AR US",2016-06,1,3.08,88,73
USC00036920,"STUTTGART 9 ESE, AR US",2016-07,1,3.5,91.7,74.6
USC00036920,"STUTTGART 9 ESE, AR US",2016-08,1,4.61,88.9,74
USC00036920,"STUTTGART 9 ESE, AR US",2016-09,1,1.46,89.1,67
USC00036920,"STUTTGART 9 ESE, AR US",2016-10,1,2.62,81.6,58.7
USC00036920,"STUTTGART 9 ESE, AR US",2016-11,1,4.08,71.2,46.4
USC00036920,"STUTTGART 9 ESE, AR US",2016-12,1,7,55.4,35.3
USC00036920,"STUTTGART 9 ESE, AR US",2017-01,1,4.01,60.1,39.5
USC00036920,"STUTTGART 9 ESE, AR US",2017-02,1,1.4,64.9,43.4
USC00036920,"STUTTGART 9 ESE, AR US",2017-03,1,4.3,68.4,47.3
USC00036920,"STUTTGART 9 ESE, AR US",2017-04,1,3.04,76.3,56.6
USC00036920,"STUTTGART 9 ESE, AR US",2017-05,1,7.57,80.2,61.2
USC00036920,"STUTTGART 9 ESE, AR US",2017-06,1,7.01,85.5,69.5
USC00036920,"STUTTGART 9 ESE, AR US",2017-07,1,2.11,90.8,73.8
USC00036920,"STUTTGART 9 ESE, AR US",2017-08,1,2.64,87.1,71.8
USC00036920,"STUTTGART 9 ESE, AR US",2017-09,1,2.33,85.1,64.8
USC00036920,"STUTTGART 9 ESE, AR US",2017-10,1,2.5,77.7,53.6
USC00036920,"STUTTGART 9 ESE, AR US",2017-11,1,0.42,66.7,45.3
USC00036920,"STUTTGART 9 ESE, AR US",2017-12,1,1.32,57.8,39.4
USC00036920,"STUTTGART 9 ESE, AR US",2018-01,1,1.51,47.5,28.8
USC00036920,"STUTTGART 9 ESE, AR US",2018-02,1,10.63,56.8,37.6
USC00036920,"STUTTGART 9 ESE, AR US",2018-03,1,6.02,66.5,46.2
USC00036920,"STUTTGART 9 ESE, AR US",2018-04,1,7.24,67.1,45.1
USC00036920,"STUTTGART 9 ESE, AR US",2018-05,1,0.55,87.8,68
USC00036920,"STUTTGART 9 ESE, AR US",2018-06,1,0.86,91.8,72.6
USC00036920,"STUTTGART 9 ESE, AR US",2018-07,1,2.48,91.8,74.2
USC00036920,"STUTTGART 9 ESE, AR US",2018-08,1,3.65,89.4,70.7
USC00036920,"STUTTGART 9 ESE, AR US",2018-09,1,7.52,84.2,68.4
USC00036920,"STUTTGART 9 ESE, AR US",2018-10,1,6.69,75.4,56.2
USC00036920,"STUTTGART 9 ESE, AR US",2018-11,1,3.72,57.5,39.8
USC00036920,"STUTTGART 9 ESE, AR US",2018-12,1,7.46,53.4,38.3
USC00036920,"STUTTGART 9 ESE, AR US",2019-01,1,3.52,51.6,35.1
USC00036920,"STUTTGART 9 ESE, AR US",2019-02,1,7.59,57.5,39.2
USC00036920,"STUTTGART 9 ESE, AR US",2019-03,1,5.68,60,40.2
USC00036920,"STUTTGART 9 ESE, AR US",2019-04,1,11.62,72.8,53.4
USC00036920,"STUTTGART 9 ESE, AR US",2019-05,1,5.22,82.1,64.7
USC00036920,"STUTTGART 9 ESE, AR US",2019-06,1,4.77,86.4,69.3
USC00036920,"STUTTGART 9 ESE, AR US",2019-07,1,4.4,89.5,72.4
USC00036920,"STUTTGART 9 ESE, AR US",2019-08,1,3.37,90,73.1
USC00036920,"STUTTGART 9 ESE, AR US",2019-09,1,0.49,92.3,71.5
USC00036920,"STUTTGART 9 ESE, AR US",2019-10,1,7.62,75.2,53.2
USC00036920,"STUTTGART 9 ESE, AR US",2019-11,1,4.78,59,37.6
USC00036920,"STUTTGART 9 ESE, AR US",2019-12,1,2.08,56.6,39.4
USC00036920,"STUTTGART 9 ESE, AR US",2020-01,1,7.51,54.4,37.7
USC00036920,"STUTTGART 9 ESE, AR US",2020-02,1,7.24,56.9,37.8
USC00036920,"STUTTGART 9 ESE, AR US",2020-03,1,5.4,67.6,50.2
USC00036920,"STUTTGART 9 ESE, AR US",2020-04,1,6.46,69.1,51
USC00036920,"STUTTGART 9 ESE, AR US",2020-05,1,4.18,79.4,61.2
USC00036920,"STUTTGART 9 ESE, AR US",2020-06,1,9,87.2,70.1
USC00036920,"STUTTGART 9 ESE, AR US",2020-07,1,2.73,90.8,74.4
USC00036920,"STUTTGART 9 ESE, AR US",2020-08,1,5.17,89.7,70.7
USC00036920,"STUTTGART 9 ESE, AR US",2020-09,1,5.26,83.5,65.4
USC00036920,"STUTTGART 9 ESE, AR US",2020-10,1,5.58,73.1,53.1
USC00036920,"STUTTGART 9 ESE, AR US",2020-11,1,1.71,68.3,46.7
USC00036920,"STUTTGART 9 ESE, AR US",2020-12,1,5.58,53.7,35.2
USC00036920,"STUTTGART 9 ESE, AR US",2021-01,1,4.25,50.9,35.1
USC00036920,"STUTTGART 9 ESE, AR US",2021-02,1,6.72,44.1,27.8
USC00036920,"STUTTGART 9 ESE, AR US",2021-03,1,9.26,67.9,48.3
USC00036920,"STUTTGART 9 ESE, AR US",2021-04,1,3.52,70.7,50.5
USC00036920,"STUTTGART 9 ESE, AR US",2021-05,1,3.65,78.5,60.3
USC00036920,"STUTTGART 9 ESE, AR US",2021-06,1,14.06,86.8,70.5
USC00036920,"STUTTGART 9 ESE, AR US",2021-07,1,3.48,90,72.8
USC00036920,"STUTTGART 9 ESE, AR US",2021-08,1,2.56,92.1,73.4
USC00036920,"STUTTGART 9 ESE, AR US",2021-09,1,2.44,86.5,65.4
USC00036920,"STUTTGART 9 ESE, AR US",2021-10,1,4.2,78.1,58.6
USC00036920,"STUTTGART 9 ESE, AR US",2021-11,1,1.78,61.3,39.4
USC00036920,"STUTTGART 9 ESE, AR US",2021-12,1,3.04,65.2,45.4
USC00036920,"STUTTGART 9 ESE, AR US",2022-01,1,3.21,52.2,29.6
USC00036920,"STUTTGART 9 ESE, AR US",2022-02,1,4.18,56.7,34.3
USC00036920,"STUTTGART 9 ESE, AR US",2022-03,1,7.31,65.9,44.3
USC00036920,"STUTTGART 9 ESE, AR US",2022-04,1,5.3,71.5,51.8
USC00036920,"STUTTGART 9 ESE, AR US",2022-05,1,4.37,83.5,64.2
USC00036920,"STUTTGART 9 ESE, AR US",2022-06,1,2.68,90,71.1
USC00036920,"STUTTGART 9 ESE, AR US",2022-07,1,0.68,93.6,74.8
USC00036920,"STUTTGART 9 ESE, AR US",2022-08,1,2.13,89.6,71.7
